user_id,email,name,status,created_at,updated_at
1,FZ9RVmJkHyzqPLO8MVUnMSzmQugzujYAN7N/SE1wwrD6uL0NToOmGh5WqRICe+XnIgU=,David Yang,ACTIVE,2025-05-09 00:00:00,2026-01-25 22:24:20
2,0kB1s835QdOB21wOy7h0X3IgnpVLkQzUka02L9YJMvVcS69V7KqyygCzIJehtSw=,Crystal Watts,ACTIVE,2025-02-10 00:00:00,2026-01-25 22:24:20
3,wfM45uh55giwg48rbjxyjkTRbquLWVsyZqPjZM1ydyITlCoZ04T1HGrIRwmeCLym,Sherry Wilkins,ACTIVE,2025-03-20 00:00:00,2026-01-25 22:24:20
4,jD/fjrdJRXqQWjfv9td93B54Wk5ELKaXzQCgAnIMubnGLlN9QWcAv0u8RbBFzkvEMA==,Frederick Baker DDS,ACTIVE,2025-09-24 00:00:00,2026-01-25 22:24:20
5,f+N40orDc9xoC8tHCePjF3OTIUD0GZOxgp/I47BviyM1TsI09QGNBl8nSIcMsR1S0nQ=,Blake Marshall,ACTIVE,2025-08-17 00:00:00,2026-01-25 22:24:20
6,vaUdRZR66/2dZcHL74mR1pUEXpabTUDWUq1f2uC44hd6knJjJ0Hyp2FIPzmjyBQ=,John Lee,ACTIVE,2025-06-25 00:00:00,2026-01-25 22:24:20
7,pOR1NhY9+0PP/O4VMcfWat05GI9nEjQP4hkJl0WmeJdP34DAbqc2DhZE2rGUdf4=,Joseph Riley,ACTIVE,2025-06-18 00:00:00,2026-01-25 22:24:20
8,Ziz8m96jMLdEzDvoLxe+JHj5/qfw/HCQlz4fSoahN3mAK8hW101/QaeT1Z+Mme/z8QWH,Thomas Evans,ACTIVE,2025-02-12 00:00:00,2026-01-25 22:24:20
9,SmpgTu3aWtkQPdgH/OnQtOtxTgNNZW+IsZr7ehjBadDgPcND9glHcn2IVPVJd28YxA==,Michael Henderson,ACTIVE,2025-06-08 00:00:00,2026-01-25 22:24:20
10,dy5VcIR3xb+tFY7VMoB2xQU0QnucwScrF6B3fYC2rydHghfhPQbvedto70WuIUE=,Margaret Thomas,ACTIVE,2025-07-21 00:00:00,2026-01-25 22:24:20
11,4JqL7T1l1KoqD70xoJsouOEjhTuFvD9/roPS8FgB+Mnsq5fEKQskmeHFkG49EC4cJz5Br4HxwA==,Christopher White,ACTIVE,2025-03-29 00:00:00,2026-01-25 22:24:20
12,GLMG3WYOPk4wTapcoIRRbaPMTcAC1lLHI1lEcLLWJOOErc6Yg1QnC1T01sOeVBU=,Angela Avila,ACTIVE,2025-05-23 00:00:00,2026-01-25 22:24:20
13,eCufnSSyqOihV0c3BydwlnrppxlMhit1wfn7iwwVrsVhnMU82oXf6GCBIoc/zEsOVg==,Heather Greene,ACTIVE,2025-02-21 00:00:00,2026-01-25 22:24:20
14,2tPecfy1D76kS5mK2pq9e+RqUDInGVRzy1h6oKqfPc+BWMcggGxXfN4S1dKYC5XQf1QzrCg=,Jessica Smith,ACTIVE,2025-06-24 00:00:00,2026-01-25 22:24:20
15,H+s2qBlWmJlN/dvMLKuYITkeTs1SQojyyYiXJWCE9I2/Z5+4Y90jq+4jZa4p7P8tdUVl32sR,David Hughes,ACTIVE,2025-04-01 00:00:00,2026-01-25 22:24:20
16,7Xz701kC8/6k/F44ZWb3woRvG2qTgUovEWk420DXJsmTSPp90Fb9xRpDPqXVqhQ=,Jeremy Rowe,ACTIVE,2025-07-24 00:00:00,2026-01-25 22:24:20
17,yP2qJA+meBskNX/25GMFUlpdCVX21+Flxnk5w+IZlELGKScD2DCHQw1SN5MDgNB7yNQ=,Michael Martin,ACTIVE,2025-03-26 00:00:00,2026-01-25 22:24:20
18,aP0C4AHd52y7Y3nRpTJZUsaYn4gZ7R/IwzVv0j6IgrvUbKt4nYoIfMA9KzvaN+Zj,Kaitlyn Bryant,ACTIVE,2025-02-10 00:00:00,2026-01-25 22:24:20
19,bn91ph7kzrvNzV6s2+zI8BSVtPGss3ijP2YU+TuV6zIp4A038ytJMx3NIK45sg==,Brian Johnson,ACTIVE,2025-01-03 00:00:00,2026-01-25 22:24:20
20,6RMjli1wANfg/tVcdus4zjE9GIKPwkSNR+mcx6fZ73i9iAVfpDzYxr2E+eRdzrt7gA==,Veronica Buck,ACTIVE,2025-10-07 00:00:00,2026-01-25 22:24:20
21,kKAcPkSUL5QSVYpwTuoZLqt05pguzowz7Bn8TXpUD1XApWYEtkqinZnB2CJPZwcb8hDQjGx8fng=,Mary Taylor,ACTIVE,2025-09-28 00:00:00,2026-01-25 22:24:20
22,ThGQnuyInuo/jrP09KGwlJDYRUnAwrGSo/9dnqC8Mz1tRpoGRc9WiidfbPHSQgo=,Jessica Garcia,ACTIVE,2025-04-30 00:00:00,2026-01-25 22:24:20
23,2wsXjJst0+MwWtZPX8a3cQD9W7iV7ovQwM4hiOvqy9uDfU7B1H43ouuYW+vHhA103A==,Kathleen Baker,ACTIVE,2025-01-25 00:00:00,2026-01-25 22:24:20
24,tdOqqJi7JEZaveEIsN7bOMFlBQoC+X9go5KM9utDeVzGW3VU8Yz7Y0S/4/JMAT8=,Jack Donovan,ACTIVE,2025-02-18 00:00:00,2026-01-25 22:24:20
25,FjW8labPplkjp2OVp8e9Dxj2lzBPgrLWf49qUxTbus1jHk+OK9WGkEf6yihd4kOqlm1RliY=,Richard Kramer,ACTIVE,2025-05-18 00:00:00,2026-01-25 22:24:20
26,diCzSH1c/tO92keJEsfyJL3rXNCYgfp5IqV2BkPj65HbJ3H94c9JAsPQfakA5o0=,Lisa Brown,ACTIVE,2025-09-21 00:00:00,2026-01-25 22:24:20
27,MkmMDRU3uqzDNjB84laaoj+WhdzW7YX9fRLTRBz19ML5k1g8IM0rAri53fBTWv/UIg==,Jeremy Guzman,ACTIVE,2025-02-28 00:00:00,2026-01-25 22:24:20
28,nuqq/0uOdg2mMpECmABj9b6d4X5qsbGwnAJZKABK8MfyUe+bTD3obv7j2EpFWm+/,Teresa Terrell,ACTIVE,2025-05-01 00:00:00,2026-01-25 22:24:20
29,islXl2VKiq5mq1BDVkZzyTJ7d0I9I+2z1cxptJS938lemRka9UkV/rB+tRBckRbcRg==,Robert Levy,ACTIVE,2025-06-21 00:00:00,2026-01-25 22:24:20
30,BT6kGV+3mgdseYEnTgkCNwzUoTqzB8O4rK0dal++5l0CH4/sARo0A7UmoWVQNw==,Stephen Clark,ACTIVE,2025-03-28 00:00:00,2026-01-25 22:24:20
31,q9m0asP+Klq23RbexapDO1HtPsxuYrQDC2GiXUViJdV2/eHETOHnzSALhuuxF7RHNrm5,Jessica Owen,ACTIVE,2025-06-07 00:00:00,2026-01-25 22:24:20
32,dg39fD4U9wDQhJuRmmBhHhE6qV0KeWzkothiSCyvuBhp8JcdXtIFWmPM4M8Fxez1pchn,David Smith,ACTIVE,2025-09-10 00:00:00,2026-01-25 22:24:20
33,WcLFyyOHkWsETMAssaOqOJRz+WKrjqH7IUcK8TAE0R6qjFq5xK3UKAkkl2GlkAnv,Michael Butler,ACTIVE,2025-02-05 00:00:00,2026-01-25 22:24:20
34,yr2CF4Gr2KUFCxB6rMI7kq5lLWkY6MjJvYfAxyM5wuDtIkxbGJYSty8rBl3u2lq/deZlgXVUXQ==,Tim Baker,ACTIVE,2025-01-23 00:00:00,2026-01-25 22:24:20
35,mtf4jVLC719N4G5nM3PPTrrmeQAOKGMiqJL7Aiqi8pr6TBGZXNrjNq7SZcZL,Nathan Calhoun,ACTIVE,2025-05-04 00:00:00,2026-01-25 22:24:20
36,8X+KV04LqWGC2Pp/p8hVk5WXYnyZmNhgKL8fNcSnhKr9diuzeUiBtklwPl3Qv0RSeDMq,Shannon Wright,ACTIVE,2025-04-08 00:00:00,2026-01-25 22:24:20
37,TH2Rjx0b/6R54njgYpIfGIzQOxMo38EqHy74GeGLLpyPPY8HOd3KobJdXx+BczPn1HiIcgl6,Adrian Curry,ACTIVE,2025-08-26 00:00:00,2026-01-25 22:24:20
38,e7twLrV33YJQQP++t53Lh6E+wneIBisE0DrsgpHVQ4jOkgPeDZ3Ez62+yni1LU+P8sY=,Adrienne David,ACTIVE,2025-06-29 00:00:00,2026-01-25 22:24:20
39,5TBjWFBR1ONkk+9Tgbu3lyoZdF/LohJklvHCgRGRPUPHPfCqAga8vzWhQQHi/KPc,Jennifer Oneal,ACTIVE,2025-07-08 00:00:00,2026-01-25 22:24:20
40,3cbZY+tH7aPQu8SZNAidRSIgJtxyezCbzP1dktSq2E4EBSvNro1tNhb4WUkMLaZKJiQ=,Veronica Cook,ACTIVE,2025-05-05 00:00:00,2026-01-25 22:24:20
41,cmJ96H6v37O5fDfW6vf7yh5Iazm53T9aK36KChj2X6yctFH+dyc4BldIbTfC7HNO3AbF3u8=,Sarah Acosta,ACTIVE,2025-02-23 00:00:00,2026-01-25 22:24:20
42,YR2nGY77MG3Uzb4hVvrzJ9jrnbZ3RumzzBmht5YIbnPx3gqXs1nHOpv5sxM0JOg6,Abigail Erickson,ACTIVE,2025-01-31 00:00:00,2026-01-25 22:24:20
43,xxUaInKVpN9+3NUTDeH4+scnwXbEx5SGSIwSLYeNXiW4Z0aZ4oJkgk4cdpdjclEXvQ==,Tammy Randall,ACTIVE,2025-05-09 00:00:00,2026-01-25 22:24:20
44,5XkybftVFdOqib/NndLwfgVxN4tFUzo7BScRRyTqPB5B77HiX8ig7MXIVtNEmoldW7R/,John Gonzalez,ACTIVE,2025-07-23 00:00:00,2026-01-25 22:24:20
45,w6mZuhZDeMmpLIFBPstD/eNakIzAYWZTFq+NTmJuRTCi5WvcCQ1lH5tS/ilpUu0Q,Andrew Rodgers,ACTIVE,2025-08-10 00:00:00,2026-01-25 22:24:20
46,l1uMTAOjy7Zg0KszmAQym3eIuLdgrcCKOJ5ahshrkrG++9rcwkpWmtXwHGU/G0LUzb1zYQ==,Donald Smith,ACTIVE,2025-01-18 00:00:00,2026-01-25 22:24:20
47,SvXb/qPrRGzv1RS1VPAomoX+TR9359KYKXf6btOEhFouyED/0DUh8Xl69Aazbb+E2g==,Timothy Gray,ACTIVE,2025-10-24 00:00:00,2026-01-25 22:24:20
48,LPEhToGJzsGzsGXp5AecGGyMAVqh2EuF4iSq9UyUmluOhlyuK0NvmhdmqJP7SXtKpNj/ow==,Lisa Kelly,ACTIVE,2025-06-29 00:00:00,2026-01-25 22:24:20
49,JLJz1mm53Iy9iKLihd9WZGY8rsT5dW3EpbvPJWrbzLqYHD/l3nlB2DLnqfwXAvwT/UNO9l0=,Traci Dorsey,ACTIVE,2025-06-03 00:00:00,2026-01-25 22:24:20
50,kNjuSuMp+ZXrX9wFSHpsW9TtcSgp3UO/lyMHcfANvxZ4opnGFAj3cFB61YYCp5xPpxuS4g==,Jessica Wells,ACTIVE,2025-01-06 00:00:00,2026-01-25 22:24:20
51,K4nqKVupidJA/4ZgU1wAS8VPuORhc6meenzifrXvkmk9TUvvSySi0Vm/GvWrEQ==,Laura Hobbs,ACTIVE,2025-05-19 00:00:00,2026-01-25 22:24:20
52,iueKJRZcbbAEPoxGCeDHOs6sEMwEKv6qHhO/qml7HV+SYP8lAt+vuAsR+n5hWR2cNA==,Sarah Thompson,ACTIVE,2025-09-25 00:00:00,2026-01-25 22:24:20
53,3JD89ajz/bfK4jvNJ2B9415agkSPLw2rwnmX+dPJPoZ4fCbWyvp0e/Cq4Z41xzbN2pmg,Michelle Benitez,ACTIVE,2025-06-14 00:00:00,2026-01-25 22:24:20
54,zItiU4e5uxddbrNhMDbgpmD4v4fWQdoEMSNXTBoYvLLaPojjZp7VaAP+ryreU8s=,Shannon Caldwell,ACTIVE,2025-04-29 00:00:00,2026-01-25 22:24:20
55,4qZM4UyI1GI1ZnPwNzTIK9BVDzSiUY1v28zFmrKoJSHuXQNrzGHIFORZ4mqeDBU=,Mrs. Christy Blackwell,ACTIVE,2025-09-06 00:00:00,2026-01-25 22:24:20
56,x6iC10XBymtLL6vDKLw6UuNHvBijBG9FCMwz/jBnHyZbO149RiwmVaYMxTayXj5bGVgLDw==,Robin Dillon,ACTIVE,2025-09-09 00:00:00,2026-01-25 22:24:20
57,ZKNaer2NfxIyMrV7E02wtTXKbLsC9GNYyCRBYw3rRGH2cWeVw9QteJWLrBeigaQW+Xw3SsjQ,Justin Sweeney,ACTIVE,2025-10-09 00:00:00,2026-01-25 22:24:20
58,CcG6pz5bjwfUjKTBDBAgWhGElNu/eqTM21Dt7ch+RtyU/DMIzm7bVRweK0pGN8lf00MjFg==,Jason Marshall,ACTIVE,2025-03-08 00:00:00,2026-01-25 22:24:20
59,bggVlvYEIUKUNX4SZCF4+COTJQi5Rk0rwLLrOb7+jurWPoeDEzoUVe9yoaJzmhd5,Ricky Holmes,ACTIVE,2025-03-13 00:00:00,2026-01-25 22:24:20
60,CYGR0i3X1rEPCNVX9D7mnlcLRraLM7+Lmz62VgKzGsGM5Mkd9Hijed1FX/pmII8r53gwL2qY,Jeffery Castillo,ACTIVE,2025-04-13 00:00:00,2026-01-25 22:24:20
61,c+x37j4X+elxyrbnk9O/7rxcqu6/Gm9rdYKJ2yzjLB5Z9gDeCujxJVRM6Q392Q==,Yolanda Serrano,ACTIVE,2025-05-05 00:00:00,2026-01-25 22:24:20
62,gdvTbHVhQPMSVhH2OSnf3Q5rGObk9MD2FQN+Zfiun1dw8fNWLzN5SjpVePWZvx8=,Samantha Hall,ACTIVE,2025-09-07 00:00:00,2026-01-25 22:24:20
63,XqWmzJOKCtfv2NUieMb4l8/SBh6cl2zlVr1axTK+KQvThZTvNJJmg+ezgwSPXeiy,Frank Fletcher,ACTIVE,2025-02-03 00:00:00,2026-01-25 22:24:20
64,7wk7hrbyrZUFsIBd61pj1LHzqFfUnC1JAaCJTBwlGlz17awNAI1Z48qGhqvKG5U=,Kevin Diaz,ACTIVE,2025-04-06 00:00:00,2026-01-25 22:24:20
65,wgIQPvw5buXwG8nMlmi455MErmpXEnl4Fp6d3P0BSDVzkjav4mOAd3xlqw7cpUSD,Shawn Reed,ACTIVE,2025-05-06 00:00:00,2026-01-25 22:24:20
66,2zgKBek523e87THKmI4AdLFNnmoaEVJbMwTdV/E1/KJPpa18v6Nip1DiD5yOiA==,Carl Romero,ACTIVE,2025-10-13 00:00:00,2026-01-25 22:24:20
67,uuVSLf02DZdaKmHK+vbN4b1Ec5q7BBBiRYmMWhDUc/+YnKqKvbugRF5yjrdP,Sean Dunn,ACTIVE,2025-05-16 00:00:00,2026-01-25 22:24:20
68,rbXcwpQS1sbHIgmLdu/q9vEWb23UpzjlnAraTyAVkWg9xw9bWVBvz3lBP96DDvM=,Steven Parker,ACTIVE,2025-06-25 00:00:00,2026-01-25 22:24:20
69,WZM/AHQRRu2LWar+cBzJI6nbXA7DeVvlF6Yba5ULYKxTxyHT6oDzzO1Mn8zQhqvrTUQ/,Rachel Sanders,ACTIVE,2025-01-29 00:00:00,2026-01-25 22:24:20
70,qUx9r9lzHrf42T8DP48lS8ge0c1vftKKwqcW5ZBJCx4DhpgG5O52GXp7XKrCeCU=,Michelle Lee,ACTIVE,2025-05-23 00:00:00,2026-01-25 22:24:20
71,PVJ3tZuNtGCcegCR1JKuj49ZySy0sBwRds4rw9dbWlNBp9KRdigXDu0PzpVfAZepB0iFk9ou+KI=,Jennifer Bowman,ACTIVE,2025-02-26 00:00:00,2026-01-25 22:24:20
72,P14Opp62f/mFxeIU80GAiFZPPu+oWtYo7x3gz9p9LVZhvJLNeOl4DE/TrmVx,Jennifer Rodriguez,ACTIVE,2025-04-26 00:00:00,2026-01-25 22:24:20
73,qA+Qu2xwc/vK+TapmB9Qt/spIgwjKyXxk9n5+Sl1jB+cUcqLFWoTtKBImKd6fgSaZFQ=,Kathy Spencer,ACTIVE,2025-08-26 00:00:00,2026-01-25 22:24:20
74,pyQbHr/lW8CQzGw+tl/Yductxsd9q6Ioz3V4oTLW9N6QOb4TqkrmSa8Sz/NNXH1SNs4=,Julian Chandler,ACTIVE,2025-05-14 00:00:00,2026-01-25 22:24:20
75,Ymy0F0dpe/lh6N7aJPyZpXNvMcEbS/XRDeyKem+CfW0TH8fSYLHEqk2KLXAdrCU=,Nicole Hood,ACTIVE,2025-09-10 00:00:00,2026-01-25 22:24:20
76,rYGp7EJYPjInDQ1+j5BGWm0vbTor1Df+iYiXoJcuKtaR7PgihETwsLaGThW7FxPB0A/O07N7DEM=,Joshua Walker,ACTIVE,2025-02-05 00:00:00,2026-01-25 22:24:20
77,ltYIdAg39gbrcbZbNpcjxRDDSolriNKrYpnjtsuOEl9w8QCDBR/bRN4lGmaqVA==,Paul Thomas,ACTIVE,2025-08-08 00:00:00,2026-01-25 22:24:20
78,WVKVIvAfD0wypeN+yjxCrptxg+iK9UMFBI5bGZWOK5mFza55LIjayrj8/BVogoNyKRof,Cynthia Moore,ACTIVE,2025-05-23 00:00:00,2026-01-25 22:24:20
79,UMjwIMzSVOzx7ZDEqfNCm4+wrNKHhXQUZa6RHk1VHQG4P3urgVKRqJDf8QtZNe7isxGpcMoN,Amy Zuniga,ACTIVE,2025-05-16 00:00:00,2026-01-25 22:24:20
80,7v0bwm4UBfdZWr/sstjMrwC5ZmSI+YnGHQMCQTLoGNrQZA76zJDFklhGS/LsCmcLkPelN2/7gQ==,Melvin Barnes,ACTIVE,2025-07-26 00:00:00,2026-01-25 22:24:20
81,oBtJqu/sXkaCfp3hPOVVc2eilI+8NrEaQkVj5H8S6x7H0rxcFgY2qKb4N8kZhXRFwZEr,Fred Malone,ACTIVE,2025-10-03 00:00:00,2026-01-25 22:24:20
82,T2RV3a3s2yWdCfpqpQkW68gaKioe4xy9IrnOqxhBJvL9/QJpb2FE/miRMY/vxsWVLfk=,Paul Morris,ACTIVE,2025-01-10 00:00:00,2026-01-25 22:24:20
83,Rak2qYju/k7TG6fFdgbo12aS93MUIVa9hFjwlMD3fitd9oACzDrinPXxmavRbw==,David Rivas,ACTIVE,2025-10-27 00:00:00,2026-01-25 22:24:20
84,xwBpiuG+MeR9LuOsmODJUI+kqGsYHLI32MFlgZaNEMDFItn0bAbb81ot6wUb,Ashley Miller,ACTIVE,2025-09-14 00:00:00,2026-01-25 22:24:20
85,dbBXq/6nxIHK0Ld+Vhs6WCTaCt948k32kE1LID5Ir4Uze8LW3iqBfAUhR9t/LtUsvg==,Karen Ward,ACTIVE,2025-02-11 00:00:00,2026-01-25 22:24:20
86,azqbiEUrzd4PCYw20NcyWjw5bwQxaEiHkzx9P9jpGU8LpxwxPDhJjq2HYriw/2kTADQM4D8=,Robert Austin,ACTIVE,2025-07-25 00:00:00,2026-01-25 22:24:20
87,7ZCGP3SOW+jgKjUtJOq8NCrWXMcIDXUM6QdsAL/AUZ8qMhBCQ59vCnTnU21wdI4m0p0mOQ==,Carrie Copeland,ACTIVE,2025-08-22 00:00:00,2026-01-25 22:24:20
88,HKoMmhGW2XSWH5TcArcEDH68a0AwWUPkGvcjIifxR0yXLlQiO/8uE4PkLbBBkdSK,Ann Anderson,ACTIVE,2025-05-18 00:00:00,2026-01-25 22:24:20
89,pPHkLOp8BLrwiEtc9f0yAWUjdTmOoNFiozg8l9NMbqBRklYAjKp/pz6VnRrKPg==,Anthony Hernandez,ACTIVE,2025-06-07 00:00:00,2026-01-25 22:24:20
90,bUPkGJmXNbdAX6mT40MNzvOTejfHrtr2FBS5Q7G/XJlqkp/KVhuoU6fwP1XT32WxOYNNQHo=,Rebecca Giles,ACTIVE,2025-09-04 00:00:00,2026-01-25 22:24:20
91,MGyEMCk9w9e2thbUq03YdAntT0K5zIMy7UD3ZAfC7/IvMxcIf9HGaf11jc9NUdawRXNSRw==,Erica Jones,ACTIVE,2025-02-01 00:00:00,2026-01-25 22:24:20
92,cBowDxWD03eNOXmaxClzydsQnclvV6H8H9/9BTG3p5xuoUe6mjfPFXvplNW35u8lref3JaA=,Steven Hayes,ACTIVE,2025-04-13 00:00:00,2026-01-25 22:24:20
93,dhCKP5HJhQwzibR39ZH8a2TruV9gCH8qd6ifSPkFdXA7meiSDyfnbdm5lkLy2Q==,Melinda Collins,ACTIVE,2025-07-12 00:00:00,2026-01-25 22:24:20
94,uWC34Ml3xz+rgM3/xxe9RuF724w6ZSJk5UaDPCGBwaxk+wHAYivqMvPx0oiH3qU=,Kyle Coleman,ACTIVE,2025-08-12 00:00:00,2026-01-25 22:24:20
95,L3xLBmjmYLpk6rSyx+W4ODvLcomg6Jqov3+uzX50KJucVdB9Qz1H20D2xlmWs5G4K40=,Paige Figueroa,ACTIVE,2025-01-13 00:00:00,2026-01-25 22:24:20
96,F/I35DNG4ftMahF60trgwzb7yvLMYG8lOAYMEH5uubhy2Ij2k9AgXA6D+hLJ7I0=,Kathleen Harrison,ACTIVE,2025-07-15 00:00:00,2026-01-25 22:24:20
97,kLzf+qAoJYdjxO/kzOICKUp5H8iQY/LuuTr+ZWfIPk0r5LArwt0iSmCHsY8Y8h4=,George Gonzales,ACTIVE,2025-08-12 00:00:00,2026-01-25 22:24:20
98,xLENrCmV6B/IefRVHrJaHwF6Oe4o+KnujjL+9y5gyUEN+4fW0L/Y3nJ05nNO4d3cT0Qv3CkP,Michael Martin,ACTIVE,2025-09-19 00:00:00,2026-01-25 22:24:20
99,O6/ouS42WxBw3ViLs/XqBL1MZCZF6uCQ89r6B45t3BCHQqHdyJel3jHzwbUNy78=,Jennifer King,ACTIVE,2025-05-23 00:00:00,2026-01-25 22:24:20
100,4NiuRqtK2dErn97dDmU2zX1TcOrXPBCSjKKwIHyUqSdOkqVU7qBm4WtE/Icyex7i64lQlVw=,Christine Johnson,ACTIVE,2025-08-18 00:00:00,2026-01-25 22:24:20
